{
  "Create Student Address" : {
    "transaction" : "Create Student Address",
    "sampleCount" : 800,
    "errorCount" : 11,
    "errorPct" : 1.375,
    "meanResTime" : 16035.728750000004,
    "medianResTime" : 20319.5,
    "minResTime" : 134.0,
    "maxResTime" : 77381.0,
    "pct1ResTime" : 24440.6,
    "pct2ResTime" : 24548.9,
    "pct3ResTime" : 24647.94,
    "throughput" : 5.1684594760474205,
    "receivedKBytesPerSec" : 1.7952573327518817,
    "sentKBytesPerSec" : 2.7765769353458025
  },
  "Create Student" : {
    "transaction" : "Create Student",
    "sampleCount" : 800,
    "errorCount" : 4,
    "errorPct" : 0.5,
    "meanResTime" : 6698.854999999997,
    "medianResTime" : 7189.0,
    "minResTime" : 398.0,
    "maxResTime" : 17795.0,
    "pct1ResTime" : 10889.7,
    "pct2ResTime" : 13656.299999999997,
    "pct3ResTime" : 16042.85,
    "throughput" : 40.59471253869183,
    "receivedKBytesPerSec" : 19.193687522200232,
    "sentKBytesPerSec" : 12.622418429999492
  },
  "Get Specific Student" : {
    "transaction" : "Get Specific Student",
    "sampleCount" : 800,
    "errorCount" : 4,
    "errorPct" : 0.5,
    "meanResTime" : 6043.502500000003,
    "medianResTime" : 5661.0,
    "minResTime" : 46.0,
    "maxResTime" : 21254.0,
    "pct1ResTime" : 11886.7,
    "pct2ResTime" : 12594.9,
    "pct3ResTime" : 14527.6,
    "throughput" : 20.93747546389594,
    "receivedKBytesPerSec" : 9.973210663717971,
    "sentKBytesPerSec" : 3.376474619853961
  },
  "Update Student" : {
    "transaction" : "Update Student",
    "sampleCount" : 800,
    "errorCount" : 13,
    "errorPct" : 1.625,
    "meanResTime" : 32118.812500000055,
    "medianResTime" : 22923.0,
    "minResTime" : 158.0,
    "maxResTime" : 84731.0,
    "pct1ResTime" : 71462.0,
    "pct2ResTime" : 78974.65,
    "pct3ResTime" : 83453.04000000001,
    "throughput" : 4.968728067723764,
    "receivedKBytesPerSec" : 1.7732451558783158,
    "sentKBytesPerSec" : 1.6644571839267857
  },
  "Debug Sampler" : {
    "transaction" : "Debug Sampler",
    "sampleCount" : 800,
    "errorCount" : 0,
    "errorPct" : 0.0,
    "meanResTime" : 0.3525000000000001,
    "medianResTime" : 0.0,
    "minResTime" : 0.0,
    "maxResTime" : 14.0,
    "pct1ResTime" : 1.0,
    "pct2ResTime" : 1.0,
    "pct3ResTime" : 11.0,
    "throughput" : 42.8380187416332,
    "receivedKBytesPerSec" : 13.49632906626506,
    "sentKBytesPerSec" : 0.0
  },
  "DELETE Student" : {
    "transaction" : "DELETE Student",
    "sampleCount" : 800,
    "errorCount" : 6,
    "errorPct" : 0.75,
    "meanResTime" : 18217.043750000048,
    "medianResTime" : 3395.5,
    "minResTime" : 68.0,
    "maxResTime" : 84994.0,
    "pct1ResTime" : 75895.6,
    "pct2ResTime" : 82429.89999999994,
    "pct3ResTime" : 84839.77,
    "throughput" : 4.984206296298604,
    "receivedKBytesPerSec" : 1.6609113037126106,
    "sentKBytesPerSec" : 1.223345204570517
  },
  "Total" : {
    "transaction" : "Total",
    "sampleCount" : 6400,
    "errorCount" : 43,
    "errorPct" : 0.671875,
    "meanResTime" : 16724.058125000036,
    "medianResTime" : 7908.0,
    "minResTime" : 0.0,
    "maxResTime" : 94547.0,
    "pct1ResTime" : 49002.600000000064,
    "pct2ResTime" : 71744.6,
    "pct3ResTime" : 85731.93,
    "throughput" : 39.081344153980496,
    "receivedKBytesPerSec" : 67.9689074321725,
    "sentKBytesPerSec" : 9.330277336331605
  },
  "Get Student" : {
    "transaction" : "Get Student",
    "sampleCount" : 800,
    "errorCount" : 0,
    "errorPct" : 0.0,
    "meanResTime" : 13720.413749999989,
    "medianResTime" : 14278.0,
    "minResTime" : 287.0,
    "maxResTime" : 49572.0,
    "pct1ResTime" : 23868.6,
    "pct2ResTime" : 25535.049999999992,
    "pct3ResTime" : 29582.08,
    "throughput" : 10.294287956969876,
    "receivedKBytesPerSec" : 111.84091675861826,
    "sentKBytesPerSec" : 1.5883764621105865
  },
  "FINAL STUDENT DETAILS" : {
    "transaction" : "FINAL STUDENT DETAILS",
    "sampleCount" : 800,
    "errorCount" : 5,
    "errorPct" : 0.625,
    "meanResTime" : 40957.756250000006,
    "medianResTime" : 31639.0,
    "minResTime" : 42.0,
    "maxResTime" : 94547.0,
    "pct1ResTime" : 82893.7,
    "pct2ResTime" : 88953.95,
    "pct3ResTime" : 94237.29,
    "throughput" : 4.9431231888087686,
    "receivedKBytesPerSec" : 3.6939406867697304,
    "sentKBytesPerSec" : 0.8194409366291607
  }
}