{
  "Create Student Address" : {
    "transaction" : "Create Student Address",
    "sampleCount" : 650,
    "errorCount" : 0,
    "errorPct" : 0.0,
    "meanResTime" : 10741.181538461526,
    "medianResTime" : 9650.5,
    "minResTime" : 123.0,
    "maxResTime" : 60308.0,
    "pct1ResTime" : 23711.7,
    "pct2ResTime" : 24343.5,
    "pct3ResTime" : 24844.43,
    "throughput" : 6.33460350254846,
    "receivedKBytesPerSec" : 2.0476110931089258,
    "sentKBytesPerSec" : 3.433305609291401
  },
  "Create Student" : {
    "transaction" : "Create Student",
    "sampleCount" : 650,
    "errorCount" : 0,
    "errorPct" : 0.0,
    "meanResTime" : 5249.792307692302,
    "medianResTime" : 6087.0,
    "minResTime" : 402.0,
    "maxResTime" : 17043.0,
    "pct1ResTime" : 8155.6,
    "pct2ResTime" : 9324.899999999998,
    "pct3ResTime" : 12301.130000000001,
    "throughput" : 36.72316384180791,
    "receivedKBytesPerSec" : 16.89122086864407,
    "sentKBytesPerSec" : 11.475988700564972
  },
  "Get Specific Student" : {
    "transaction" : "Get Specific Student",
    "sampleCount" : 650,
    "errorCount" : 0,
    "errorPct" : 0.0,
    "meanResTime" : 6797.144615384617,
    "medianResTime" : 7131.5,
    "minResTime" : 76.0,
    "maxResTime" : 12337.0,
    "pct1ResTime" : 11119.8,
    "pct2ResTime" : 11300.9,
    "pct3ResTime" : 11413.43,
    "throughput" : 24.232031016999702,
    "receivedKBytesPerSec" : 9.962583064606322,
    "sentKBytesPerSec" : 3.928239403146436
  },
  "Update Student" : {
    "transaction" : "Update Student",
    "sampleCount" : 650,
    "errorCount" : 0,
    "errorPct" : 0.0,
    "meanResTime" : 32886.90923076922,
    "medianResTime" : 31229.0,
    "minResTime" : 122.0,
    "maxResTime" : 70084.0,
    "pct1ResTime" : 61521.8,
    "pct2ResTime" : 67359.04999999999,
    "pct3ResTime" : 69493.48,
    "throughput" : 4.7819082020760835,
    "receivedKBytesPerSec" : 1.559723964349035,
    "sentKBytesPerSec" : 1.6204317833207043
  },
  "Debug Sampler" : {
    "transaction" : "Debug Sampler",
    "sampleCount" : 650,
    "errorCount" : 0,
    "errorPct" : 0.0,
    "meanResTime" : 0.5630769230769234,
    "medianResTime" : 0.0,
    "minResTime" : 0.0,
    "maxResTime" : 16.0,
    "pct1ResTime" : 1.0,
    "pct2ResTime" : 1.0,
    "pct3ResTime" : 13.490000000000009,
    "throughput" : 38.9851856294608,
    "receivedKBytesPerSec" : 12.286132051070595,
    "sentKBytesPerSec" : 0.0
  },
  "DELETE Student" : {
    "transaction" : "DELETE Student",
    "sampleCount" : 650,
    "errorCount" : 0,
    "errorPct" : 0.0,
    "meanResTime" : 10707.347692307692,
    "medianResTime" : 1916.0,
    "minResTime" : 69.0,
    "maxResTime" : 69794.0,
    "pct1ResTime" : 31028.099999999995,
    "pct2ResTime" : 58286.89999999999,
    "pct3ResTime" : 68470.29000000001,
    "throughput" : 4.780009265864115,
    "receivedKBytesPerSec" : 1.559104584764272,
    "sentKBytesPerSec" : 1.176330405271247
  },
  "Total" : {
    "transaction" : "Total",
    "sampleCount" : 5200,
    "errorCount" : 0,
    "errorPct" : 0.0,
    "meanResTime" : 14297.70538461539,
    "medianResTime" : 8071.0,
    "minResTime" : 0.0,
    "maxResTime" : 76420.0,
    "pct1ResTime" : 49049.80000000001,
    "pct2ResTime" : 61229.95,
    "pct3ResTime" : 70060.73999999999,
    "throughput" : 37.569811211698664,
    "receivedKBytesPerSec" : 64.56152062230419,
    "sentKBytesPerSec" : 9.025560115310421
  },
  "Get Student" : {
    "transaction" : "Get Student",
    "sampleCount" : 650,
    "errorCount" : 0,
    "errorPct" : 0.0,
    "meanResTime" : 8073.993846153849,
    "medianResTime" : 8829.5,
    "minResTime" : 260.0,
    "maxResTime" : 19019.0,
    "pct1ResTime" : 11378.7,
    "pct2ResTime" : 11643.15,
    "pct3ResTime" : 12520.54,
    "throughput" : 15.262873646887549,
    "receivedKBytesPerSec" : 165.4435882722427,
    "sentKBytesPerSec" : 2.355013707234602
  },
  "FINAL STUDENT DETAILS" : {
    "transaction" : "FINAL STUDENT DETAILS",
    "sampleCount" : 650,
    "errorCount" : 0,
    "errorPct" : 0.0,
    "meanResTime" : 39924.710769230755,
    "medianResTime" : 38346.0,
    "minResTime" : 731.0,
    "maxResTime" : 76420.0,
    "pct1ResTime" : 69421.8,
    "pct2ResTime" : 72210.34999999999,
    "pct3ResTime" : 76306.76,
    "throughput" : 4.763963911141079,
    "receivedKBytesPerSec" : 3.5543636993279146,
    "sentKBytesPerSec" : 0.7908924461855307
  }
}