{
  "Create Student Address" : {
    "transaction" : "Create Student Address",
    "sampleCount" : 900,
    "errorCount" : 9,
    "errorPct" : 1.0,
    "meanResTime" : 19414.12777777779,
    "medianResTime" : 21696.0,
    "minResTime" : 140.0,
    "maxResTime" : 108086.0,
    "pct1ResTime" : 23641.7,
    "pct2ResTime" : 24124.9,
    "pct3ResTime" : 78925.30000000005,
    "throughput" : 4.956465709518066,
    "receivedKBytesPerSec" : 1.7218662917651077,
    "sentKBytesPerSec" : 2.6624492392513535
  },
  "Create Student" : {
    "transaction" : "Create Student",
    "sampleCount" : 900,
    "errorCount" : 1,
    "errorPct" : 0.11111111,
    "meanResTime" : 6304.343333333339,
    "medianResTime" : 7055.5,
    "minResTime" : 397.0,
    "maxResTime" : 19003.0,
    "pct1ResTime" : 9798.699999999999,
    "pct2ResTime" : 11173.749999999993,
    "pct3ResTime" : 15876.410000000009,
    "throughput" : 39.814200398142006,
    "receivedKBytesPerSec" : 18.426682426454324,
    "sentKBytesPerSec" : 12.428113249281132
  },
  "Get Specific Student" : {
    "transaction" : "Get Specific Student",
    "sampleCount" : 900,
    "errorCount" : 6,
    "errorPct" : 0.6666667,
    "meanResTime" : 7910.634444444448,
    "medianResTime" : 9368.0,
    "minResTime" : 114.0,
    "maxResTime" : 21508.0,
    "pct1ResTime" : 10666.0,
    "pct2ResTime" : 10939.599999999999,
    "pct3ResTime" : 12940.62,
    "throughput" : 22.86992097171753,
    "receivedKBytesPerSec" : 10.066710884494194,
    "sentKBytesPerSec" : 3.6825386962239217
  },
  "Update Student" : {
    "transaction" : "Update Student",
    "sampleCount" : 900,
    "errorCount" : 10,
    "errorPct" : 1.1111112,
    "meanResTime" : 47794.96666666664,
    "medianResTime" : 43393.5,
    "minResTime" : 684.0,
    "maxResTime" : 109033.0,
    "pct1ResTime" : 95470.5,
    "pct2ResTime" : 100304.35,
    "pct3ResTime" : 107868.21,
    "throughput" : 4.657854695635073,
    "receivedKBytesPerSec" : 1.6455125128091004,
    "sentKBytesPerSec" : 1.5625394219472937
  },
  "Debug Sampler" : {
    "transaction" : "Debug Sampler",
    "sampleCount" : 900,
    "errorCount" : 0,
    "errorPct" : 0.0,
    "meanResTime" : 0.45888888888888923,
    "medianResTime" : 0.0,
    "minResTime" : 0.0,
    "maxResTime" : 22.0,
    "pct1ResTime" : 1.0,
    "pct2ResTime" : 1.0,
    "pct3ResTime" : 18.0,
    "throughput" : 41.87604690117253,
    "receivedKBytesPerSec" : 13.197361590940815,
    "sentKBytesPerSec" : 0.0
  },
  "DELETE Student" : {
    "transaction" : "DELETE Student",
    "sampleCount" : 900,
    "errorCount" : 10,
    "errorPct" : 1.1111112,
    "meanResTime" : 18700.067777777786,
    "medianResTime" : 4237.5,
    "minResTime" : 298.0,
    "maxResTime" : 109261.0,
    "pct1ResTime" : 81792.0,
    "pct2ResTime" : 93997.7,
    "pct3ResTime" : 108293.48,
    "throughput" : 4.6523890017524,
    "receivedKBytesPerSec" : 1.6435967538601903,
    "sentKBytesPerSec" : 1.1334392801849582
  },
  "Total" : {
    "transaction" : "Total",
    "sampleCount" : 7200,
    "errorCount" : 37,
    "errorPct" : 0.5138889,
    "meanResTime" : 20662.16722222221,
    "medianResTime" : 10182.5,
    "minResTime" : 0.0,
    "maxResTime" : 112916.0,
    "pct1ResTime" : 68616.20000000003,
    "pct2ResTime" : 92672.45,
    "pct3ResTime" : 107615.98,
    "throughput" : 36.47397936180668,
    "receivedKBytesPerSec" : 63.25058886321497,
    "sentKBytesPerSec" : 8.706950533115334
  },
  "Get Student" : {
    "transaction" : "Get Student",
    "sampleCount" : 900,
    "errorCount" : 0,
    "errorPct" : 0.0,
    "meanResTime" : 13226.81333333334,
    "medianResTime" : 12057.5,
    "minResTime" : 308.0,
    "maxResTime" : 53731.0,
    "pct1ResTime" : 22235.9,
    "pct2ResTime" : 23134.9,
    "pct3ResTime" : 43779.12000000008,
    "throughput" : 12.112729132459423,
    "receivedKBytesPerSec" : 131.48622450438748,
    "sentKBytesPerSec" : 1.8689562528599497
  },
  "FINAL STUDENT DETAILS" : {
    "transaction" : "FINAL STUDENT DETAILS",
    "sampleCount" : 900,
    "errorCount" : 1,
    "errorPct" : 0.11111111,
    "meanResTime" : 51945.925555555565,
    "medianResTime" : 47498.0,
    "minResTime" : 879.0,
    "maxResTime" : 112916.0,
    "pct1ResTime" : 100979.09999999999,
    "pct2ResTime" : 105244.9,
    "pct3ResTime" : 111149.66,
    "throughput" : 4.650730164635848,
    "receivedKBytesPerSec" : 3.468164944604636,
    "sentKBytesPerSec" : 0.7720585504320011
  }
}