{
  "Create Student Address" : {
    "transaction" : "Create Student Address",
    "sampleCount" : 1000,
    "errorCount" : 30,
    "errorPct" : 3.0,
    "meanResTime" : 28118.59200000001,
    "medianResTime" : 35178.0,
    "minResTime" : 74.0,
    "maxResTime" : 327306.0,
    "pct1ResTime" : 49591.9,
    "pct2ResTime" : 50068.65,
    "pct3ResTime" : 82271.10000000024,
    "throughput" : 2.8422737052732705,
    "receivedKBytesPerSec" : 1.008835074581262,
    "sentKBytesPerSec" : 1.5231755889191116
  },
  "Create Student" : {
    "transaction" : "Create Student",
    "sampleCount" : 1000,
    "errorCount" : 19,
    "errorPct" : 1.9,
    "meanResTime" : 11382.986999999996,
    "medianResTime" : 10310.5,
    "minResTime" : 444.0,
    "maxResTime" : 318885.0,
    "pct1ResTime" : 17760.6,
    "pct2ResTime" : 19356.949999999997,
    "pct3ResTime" : 26393.870000000017,
    "throughput" : 3.133735287112827,
    "receivedKBytesPerSec" : 1.596472873212204,
    "sentKBytesPerSec" : 0.960685723955526
  },
  "Get Specific Student" : {
    "transaction" : "Get Specific Student",
    "sampleCount" : 1000,
    "errorCount" : 13,
    "errorPct" : 1.3,
    "meanResTime" : 7276.526999999997,
    "medianResTime" : 6552.0,
    "minResTime" : 104.0,
    "maxResTime" : 317352.0,
    "pct1ResTime" : 10230.8,
    "pct2ResTime" : 10601.0,
    "pct3ResTime" : 15151.210000000006,
    "throughput" : 3.1456234940327525,
    "receivedKBytesPerSec" : 2.0246049932447736,
    "sentKBytesPerSec" : 0.5028973404146561
  },
  "Update Student" : {
    "transaction" : "Update Student",
    "sampleCount" : 1000,
    "errorCount" : 22,
    "errorPct" : 2.2,
    "meanResTime" : 46377.93999999997,
    "medianResTime" : 44444.0,
    "minResTime" : 68.0,
    "maxResTime" : 113991.0,
    "pct1ResTime" : 93383.2,
    "pct2ResTime" : 103950.2,
    "pct3ResTime" : 112225.43000000001,
    "throughput" : 2.865879696102117,
    "receivedKBytesPerSec" : 0.9611555979228105,
    "sentKBytesPerSec" : 0.9674946775240519
  },
  "Debug Sampler" : {
    "transaction" : "Debug Sampler",
    "sampleCount" : 1000,
    "errorCount" : 0,
    "errorPct" : 0.0,
    "meanResTime" : 0.5800000000000002,
    "medianResTime" : 0.0,
    "minResTime" : 0.0,
    "maxResTime" : 21.0,
    "pct1ResTime" : 1.0,
    "pct2ResTime" : 1.0,
    "pct3ResTime" : 16.0,
    "throughput" : 3.150817006849876,
    "receivedKBytesPerSec" : 0.9915073419944042,
    "sentKBytesPerSec" : 0.0
  },
  "DELETE Student" : {
    "transaction" : "DELETE Student",
    "sampleCount" : 1000,
    "errorCount" : 20,
    "errorPct" : 2.0,
    "meanResTime" : 29535.696999999996,
    "medianResTime" : 3343.0,
    "minResTime" : 68.0,
    "maxResTime" : 114242.0,
    "pct1ResTime" : 105938.9,
    "pct2ResTime" : 113522.45,
    "pct3ResTime" : 114161.99,
    "throughput" : 2.8763900154749784,
    "receivedKBytesPerSec" : 0.949284547421604,
    "sentKBytesPerSec" : 0.7067801501403678
  },
  "Total" : {
    "transaction" : "Total",
    "sampleCount" : 8000,
    "errorCount" : 127,
    "errorPct" : 1.5875,
    "meanResTime" : 23622.28412499996,
    "medianResTime" : 10759.0,
    "minResTime" : 0.0,
    "maxResTime" : 327306.0,
    "pct1ResTime" : 69793.8,
    "pct2ResTime" : 94866.74999999997,
    "pct3ResTime" : 113776.94,
    "throughput" : 22.49370879082257,
    "receivedKBytesPerSec" : 39.474899305506746,
    "sentKBytesPerSec" : 5.356869060255023
  },
  "Get Student" : {
    "transaction" : "Get Student",
    "sampleCount" : 1000,
    "errorCount" : 3,
    "errorPct" : 0.3,
    "meanResTime" : 12502.223000000013,
    "medianResTime" : 12907.5,
    "minResTime" : 102.0,
    "maxResTime" : 65571.0,
    "pct1ResTime" : 18409.5,
    "pct2ResTime" : 22381.499999999993,
    "pct3ResTime" : 44825.73,
    "throughput" : 3.1454849708728094,
    "receivedKBytesPerSec" : 34.00041328723625,
    "sentKBytesPerSec" : 0.48388248586104504
  },
  "FINAL STUDENT DETAILS" : {
    "transaction" : "FINAL STUDENT DETAILS",
    "sampleCount" : 1000,
    "errorCount" : 20,
    "errorPct" : 2.0,
    "meanResTime" : 53783.727,
    "medianResTime" : 50915.0,
    "minResTime" : 72.0,
    "maxResTime" : 118621.0,
    "pct1ResTime" : 103241.09999999999,
    "pct2ResTime" : 110195.1,
    "pct3ResTime" : 116918.72,
    "throughput" : 2.833696046427276,
    "receivedKBytesPerSec" : 2.102798943421008,
    "sentKBytesPerSec" : 0.46959933397516546
  }
}