{
  "Create Student Address" : {
    "transaction" : "Create Student Address",
    "sampleCount" : 700,
    "errorCount" : 3,
    "errorPct" : 0.42857143,
    "meanResTime" : 12675.01285714285,
    "medianResTime" : 9724.0,
    "minResTime" : 120.0,
    "maxResTime" : 62628.0,
    "pct1ResTime" : 24489.7,
    "pct2ResTime" : 38169.19999999998,
    "pct3ResTime" : 62498.53,
    "throughput" : 5.217222797772991,
    "receivedKBytesPerSec" : 1.727404417683404,
    "sentKBytesPerSec" : 2.8195639216932125
  },
  "Create Student" : {
    "transaction" : "Create Student",
    "sampleCount" : 700,
    "errorCount" : 1,
    "errorPct" : 0.14285715,
    "meanResTime" : 5992.775714285718,
    "medianResTime" : 6532.0,
    "minResTime" : 399.0,
    "maxResTime" : 15418.0,
    "pct1ResTime" : 10159.699999999999,
    "pct2ResTime" : 11581.79999999997,
    "pct3ResTime" : 14975.7,
    "throughput" : 40.41103798637571,
    "receivedKBytesPerSec" : 18.735883197667707,
    "sentKBytesPerSec" : 12.610408728784206
  },
  "Get Specific Student" : {
    "transaction" : "Get Specific Student",
    "sampleCount" : 700,
    "errorCount" : 0,
    "errorPct" : 0.0,
    "meanResTime" : 5688.487142857143,
    "medianResTime" : 6274.0,
    "minResTime" : 94.0,
    "maxResTime" : 15498.0,
    "pct1ResTime" : 10523.699999999997,
    "pct2ResTime" : 12420.699999999999,
    "pct3ResTime" : 14600.0,
    "throughput" : 22.299385174094486,
    "receivedKBytesPerSec" : 9.4999798409576,
    "sentKBytesPerSec" : 3.6147216260233828
  },
  "Update Student" : {
    "transaction" : "Update Student",
    "sampleCount" : 700,
    "errorCount" : 3,
    "errorPct" : 0.42857143,
    "meanResTime" : 28144.57000000001,
    "medianResTime" : 19925.0,
    "minResTime" : 69.0,
    "maxResTime" : 63097.0,
    "pct1ResTime" : 58748.4,
    "pct2ResTime" : 60308.25,
    "pct3ResTime" : 62686.8,
    "throughput" : 4.927356684311296,
    "receivedKBytesPerSec" : 1.645639520304229,
    "sentKBytesPerSec" : 1.6648526368397343
  },
  "Debug Sampler" : {
    "transaction" : "Debug Sampler",
    "sampleCount" : 700,
    "errorCount" : 0,
    "errorPct" : 0.0,
    "meanResTime" : 0.5642857142857151,
    "medianResTime" : 0.0,
    "minResTime" : 0.0,
    "maxResTime" : 25.0,
    "pct1ResTime" : 1.0,
    "pct2ResTime" : 1.0,
    "pct3ResTime" : 21.940000000000055,
    "throughput" : 42.86589099816289,
    "receivedKBytesPerSec" : 13.507420200551135,
    "sentKBytesPerSec" : 0.0
  },
  "DELETE Student" : {
    "transaction" : "DELETE Student",
    "sampleCount" : 700,
    "errorCount" : 4,
    "errorPct" : 0.5714286,
    "meanResTime" : 12313.50000000002,
    "medianResTime" : 6953.0,
    "minResTime" : 69.0,
    "maxResTime" : 62699.0,
    "pct1ResTime" : 25460.899999999998,
    "pct2ResTime" : 47554.64999999996,
    "pct3ResTime" : 60978.95,
    "throughput" : 4.964609427084072,
    "receivedKBytesPerSec" : 1.6772802739223251,
    "sentKBytesPerSec" : 1.2164747571774068
  },
  "Total" : {
    "transaction" : "Total",
    "sampleCount" : 5600,
    "errorCount" : 31,
    "errorPct" : 0.5535714,
    "meanResTime" : 14065.810357142851,
    "medianResTime" : 7797.5,
    "minResTime" : 0.0,
    "maxResTime" : 71000.0,
    "pct1ResTime" : 42627.80000000009,
    "pct2ResTime" : 58402.399999999994,
    "pct3ResTime" : 64195.759999999995,
    "throughput" : 38.78949081866605,
    "receivedKBytesPerSec" : 66.05194685580007,
    "sentKBytesPerSec" : 9.278334727330659
  },
  "Get Student" : {
    "transaction" : "Get Student",
    "sampleCount" : 700,
    "errorCount" : 17,
    "errorPct" : 2.4285715,
    "meanResTime" : 14399.277142857158,
    "medianResTime" : 15201.0,
    "minResTime" : 258.0,
    "maxResTime" : 57017.0,
    "pct1ResTime" : 24086.4,
    "pct2ResTime" : 26116.449999999983,
    "pct3ResTime" : 36767.44,
    "throughput" : 9.033773407152168,
    "receivedKBytesPerSec" : 96.32546981671119,
    "sentKBytesPerSec" : 1.3600315617458414
  },
  "FINAL STUDENT DETAILS" : {
    "transaction" : "FINAL STUDENT DETAILS",
    "sampleCount" : 700,
    "errorCount" : 3,
    "errorPct" : 0.42857143,
    "meanResTime" : 33312.29571428576,
    "medianResTime" : 26304.5,
    "minResTime" : 708.0,
    "maxResTime" : 71000.0,
    "pct1ResTime" : 63512.7,
    "pct2ResTime" : 64590.899999999994,
    "pct3ResTime" : 69357.65000000001,
    "throughput" : 4.905327185323261,
    "receivedKBytesPerSec" : 3.6895204911283654,
    "sentKBytesPerSec" : 0.811986309319421
  }
}