{
  "Create Student Address" : {
    "transaction" : "Create Student Address",
    "sampleCount" : 950,
    "errorCount" : 20,
    "errorPct" : 2.1052632,
    "meanResTime" : 22095.613684210493,
    "medianResTime" : 22732.5,
    "minResTime" : 209.0,
    "maxResTime" : 72359.0,
    "pct1ResTime" : 35043.8,
    "pct2ResTime" : 37647.549999999996,
    "pct3ResTime" : 37817.49,
    "throughput" : 6.019897344908434,
    "receivedKBytesPerSec" : 2.0209664212502374,
    "sentKBytesPerSec" : 3.248306408814397
  },
  "Create Student" : {
    "transaction" : "Create Student",
    "sampleCount" : 950,
    "errorCount" : 16,
    "errorPct" : 1.6842105,
    "meanResTime" : 9823.860000000017,
    "medianResTime" : 10387.0,
    "minResTime" : 673.0,
    "maxResTime" : 28944.0,
    "pct1ResTime" : 19062.0,
    "pct2ResTime" : 20487.8,
    "pct3ResTime" : 21930.23,
    "throughput" : 27.47014429054738,
    "receivedKBytesPerSec" : 13.805667705230894,
    "sentKBytesPerSec" : 8.439840384003702
  },
  "Get Specific Student" : {
    "transaction" : "Get Specific Student",
    "sampleCount" : 950,
    "errorCount" : 10,
    "errorPct" : 1.0526316,
    "meanResTime" : 7074.178947368421,
    "medianResTime" : 7884.5,
    "minResTime" : 144.0,
    "maxResTime" : 25548.0,
    "pct1ResTime" : 9879.199999999999,
    "pct2ResTime" : 13405.699999999999,
    "pct3ResTime" : 17647.720000000005,
    "throughput" : 18.334105295661573,
    "receivedKBytesPerSec" : 11.261038156650455,
    "sentKBytesPerSec" : 2.9387339335340434
  },
  "Update Student" : {
    "transaction" : "Update Student",
    "sampleCount" : 950,
    "errorCount" : 18,
    "errorPct" : 1.8947369,
    "meanResTime" : 38957.60421052632,
    "medianResTime" : 31342.5,
    "minResTime" : 218.0,
    "maxResTime" : 91617.0,
    "pct1ResTime" : 77952.0,
    "pct2ResTime" : 84737.15,
    "pct3ResTime" : 88836.97,
    "throughput" : 5.125438359859725,
    "receivedKBytesPerSec" : 1.7041819109117886,
    "sentKBytesPerSec" : 1.7320061707580254
  },
  "Debug Sampler" : {
    "transaction" : "Debug Sampler",
    "sampleCount" : 950,
    "errorCount" : 0,
    "errorPct" : 0.0,
    "meanResTime" : 0.2052631578947369,
    "medianResTime" : 0.0,
    "minResTime" : 0.0,
    "maxResTime" : 22.0,
    "pct1ResTime" : 1.0,
    "pct2ResTime" : 1.0,
    "pct3ResTime" : 4.0,
    "throughput" : 29.237966268619967,
    "receivedKBytesPerSec" : 9.20292639341992,
    "sentKBytesPerSec" : 0.0
  },
  "DELETE Student" : {
    "transaction" : "DELETE Student",
    "sampleCount" : 950,
    "errorCount" : 16,
    "errorPct" : 1.6842105,
    "meanResTime" : 22834.79157894739,
    "medianResTime" : 1924.5,
    "minResTime" : 69.0,
    "maxResTime" : 92164.0,
    "pct1ResTime" : 86090.2,
    "pct2ResTime" : 88320.74999999999,
    "pct3ResTime" : 91885.29,
    "throughput" : 5.1697866782760125,
    "receivedKBytesPerSec" : 1.6915108361449718,
    "sentKBytesPerSec" : 1.2716569846538965
  },
  "Total" : {
    "transaction" : "Total",
    "sampleCount" : 7600,
    "errorCount" : 101,
    "errorPct" : 1.3289474,
    "meanResTime" : 19826.06802631582,
    "medianResTime" : 11621.0,
    "minResTime" : 0.0,
    "maxResTime" : 96181.0,
    "pct1ResTime" : 54535.00000000001,
    "pct2ResTime" : 78542.09999999999,
    "pct3ResTime" : 90663.26999999999,
    "throughput" : 39.44261359213223,
    "receivedKBytesPerSec" : 68.87512325816748,
    "sentKBytesPerSec" : 9.418870176713288
  },
  "Get Student" : {
    "transaction" : "Get Student",
    "sampleCount" : 950,
    "errorCount" : 4,
    "errorPct" : 0.42105263,
    "meanResTime" : 14840.0547368421,
    "medianResTime" : 15792.0,
    "minResTime" : 697.0,
    "maxResTime" : 52385.0,
    "pct1ResTime" : 21801.0,
    "pct2ResTime" : 23406.749999999996,
    "pct3ResTime" : 34484.11,
    "throughput" : 11.024590639542305,
    "receivedKBytesPerSec" : 119.06743749347227,
    "sentKBytesPerSec" : 1.6938975264300054
  },
  "FINAL STUDENT DETAILS" : {
    "transaction" : "FINAL STUDENT DETAILS",
    "sampleCount" : 950,
    "errorCount" : 17,
    "errorPct" : 1.7894737,
    "meanResTime" : 42982.23578947371,
    "medianResTime" : 36061.5,
    "minResTime" : 2083.0,
    "maxResTime" : 96181.0,
    "pct1ResTime" : 82695.8,
    "pct2ResTime" : 90285.19999999998,
    "pct3ResTime" : 95010.99,
    "throughput" : 5.024301754274623,
    "receivedKBytesPerSec" : 3.7309262465557094,
    "sentKBytesPerSec" : 0.8326561268715524
  }
}