{
  "Create Student Address" : {
    "transaction" : "Create Student Address",
    "sampleCount" : 850,
    "errorCount" : 4,
    "errorPct" : 0.47058824,
    "meanResTime" : 20138.045882352944,
    "medianResTime" : 15507.5,
    "minResTime" : 135.0,
    "maxResTime" : 80033.0,
    "pct1ResTime" : 40395.2,
    "pct2ResTime" : 59728.0499999999,
    "pct3ResTime" : 79467.76,
    "throughput" : 5.421748226769403,
    "receivedKBytesPerSec" : 1.7714117195871817,
    "sentKBytesPerSec" : 2.934957259880339
  },
  "Create Student" : {
    "transaction" : "Create Student",
    "sampleCount" : 850,
    "errorCount" : 3,
    "errorPct" : 0.3529412,
    "meanResTime" : 5786.77647058824,
    "medianResTime" : 5035.5,
    "minResTime" : 411.0,
    "maxResTime" : 33168.0,
    "pct1ResTime" : 10701.8,
    "pct2ResTime" : 14147.849999999982,
    "pct3ResTime" : 22092.07,
    "throughput" : 24.1264795208765,
    "receivedKBytesPerSec" : 11.30693117389515,
    "sentKBytesPerSec" : 7.512914762567057
  },
  "Get Specific Student" : {
    "transaction" : "Get Specific Student",
    "sampleCount" : 850,
    "errorCount" : 3,
    "errorPct" : 0.3529412,
    "meanResTime" : 7439.936470588236,
    "medianResTime" : 7052.0,
    "minResTime" : 73.0,
    "maxResTime" : 21894.0,
    "pct1ResTime" : 11970.8,
    "pct2ResTime" : 13702.89999999999,
    "pct3ResTime" : 20352.49,
    "throughput" : 17.423745490324695,
    "receivedKBytesPerSec" : 7.965378152929239,
    "sentKBytesPerSec" : 2.81416310291284
  },
  "Update Student" : {
    "transaction" : "Update Student",
    "sampleCount" : 850,
    "errorCount" : 3,
    "errorPct" : 0.3529412,
    "meanResTime" : 37480.47764705877,
    "medianResTime" : 36910.0,
    "minResTime" : 76.0,
    "maxResTime" : 77681.0,
    "pct1ResTime" : 67614.8,
    "pct2ResTime" : 74745.25,
    "pct3ResTime" : 76747.53,
    "throughput" : 4.9481607395462825,
    "receivedKBytesPerSec" : 1.614957098354882,
    "sentKBytesPerSec" : 1.6765305461605182
  },
  "Debug Sampler" : {
    "transaction" : "Debug Sampler",
    "sampleCount" : 850,
    "errorCount" : 0,
    "errorPct" : 0.0,
    "meanResTime" : 0.2035294117647058,
    "medianResTime" : 0.0,
    "minResTime" : 0.0,
    "maxResTime" : 9.0,
    "pct1ResTime" : 1.0,
    "pct2ResTime" : 1.0,
    "pct3ResTime" : 5.0,
    "throughput" : 24.87052696257717,
    "receivedKBytesPerSec" : 7.836073282104924,
    "sentKBytesPerSec" : 0.0
  },
  "DELETE Student" : {
    "transaction" : "DELETE Student",
    "sampleCount" : 850,
    "errorCount" : 3,
    "errorPct" : 0.3529412,
    "meanResTime" : 19722.971764705875,
    "medianResTime" : 14434.0,
    "minResTime" : 77.0,
    "maxResTime" : 79609.0,
    "pct1ResTime" : 51986.7,
    "pct2ResTime" : 65285.74999999995,
    "pct3ResTime" : 77782.49,
    "throughput" : 4.974454711979073,
    "receivedKBytesPerSec" : 1.6235902358769378,
    "sentKBytesPerSec" : 1.2240621964119551
  },
  "Total" : {
    "transaction" : "Total",
    "sampleCount" : 6800,
    "errorCount" : 19,
    "errorPct" : 0.27941176,
    "meanResTime" : 18165.113235294135,
    "medianResTime" : 10962.0,
    "minResTime" : 0.0,
    "maxResTime" : 85795.0,
    "pct1ResTime" : 56746.30000000006,
    "pct2ResTime" : 67406.79999999999,
    "pct3ResTime" : 79630.78,
    "throughput" : 38.95196306437384,
    "receivedKBytesPerSec" : 67.31322905150537,
    "sentKBytesPerSec" : 9.345634990390893
  },
  "Get Student" : {
    "transaction" : "Get Student",
    "sampleCount" : 850,
    "errorCount" : 0,
    "errorPct" : 0.0,
    "meanResTime" : 12289.968235294114,
    "medianResTime" : 12223.5,
    "minResTime" : 268.0,
    "maxResTime" : 52883.0,
    "pct1ResTime" : 20566.5,
    "pct2ResTime" : 21425.949999999997,
    "pct3ResTime" : 33915.07,
    "throughput" : 8.366965252485482,
    "receivedKBytesPerSec" : 90.86173397664632,
    "sentKBytesPerSec" : 1.2909965916920956
  },
  "FINAL STUDENT DETAILS" : {
    "transaction" : "FINAL STUDENT DETAILS",
    "sampleCount" : 850,
    "errorCount" : 3,
    "errorPct" : 0.3529412,
    "meanResTime" : 42462.52588235293,
    "medianResTime" : 41476.5,
    "minResTime" : 790.0,
    "maxResTime" : 85795.0,
    "pct1ResTime" : 75115.1,
    "pct2ResTime" : 81676.25,
    "pct3ResTime" : 85324.81,
    "throughput" : 4.91935157158814,
    "receivedKBytesPerSec" : 3.664532596491634,
    "sentKBytesPerSec" : 0.8165705373523471
  }
}